VARIANT_ID	CHROM	LOCUS	COL	STRANDS	POS	FILTERS	MARKERS	REF	ALT
4	1	3380	40		314289	whitelist	1__3380__314289	C	A
5	1	3380	50		314299	whitelist	1__3380__314299	G	A
8	1	3679	36		342092	whitelist	1__3679__342092	G	T
9	1	3679	88		342144	whitelist	1__3679__342144	C	T
59	1	7134	23		663394	whitelist	1__7134__663394	A	T
60	1	7134	34		663405	whitelist	1__7134__663405	G	A
62	1	7311	62		679894	whitelist	1__7311__679894	T	A
63	1	7311	68		679900	whitelist	1__7311__679900	G	T
71	1	7977	65		741835	whitelist	1__7977__741835	T	C
92	1	9082	11		844546	whitelist	1__9082__844546	G	A
93	1	9148	45		850718	whitelist	1__9148__850718	T	C
110	1	9718	18		903701	whitelist	1__9718__903701	A	T
111	1	9718	54		903737	whitelist	1__9718__903737	A	C
116	1	9830	32		914131	whitelist	1__9830__914131	C	A
128	1	10108	9		939962	whitelist	1__10108__939962	T	C
142	1	10406	43		967710	whitelist	1__10406__967710	C	T
159	1	11046	17		1027204	whitelist	1__11046__1027204	T	G
167	1	11615	41		1080145	whitelist	1__11615__1080145	T	C
168	1	11615	83		1080187	whitelist	1__11615__1080187	G	C
195	1	12746	19		1185306	whitelist	1__12746__1185306	G	A
231	1	14343	27		1333835	whitelist	1__14343__1333835	T	G
247	1	14813	24		1377542	whitelist	1__14813__1377542	C	T
251	1	15039	34		1398570	whitelist	1__15039__1398570	A	C
266	1	15387	76		1430976	whitelist	1__15387__1430976	C	A
267	1	15387	87		1430987	whitelist	1__15387__1430987	G	T
309	1	17182	55		1597890	whitelist	1__17182__1597890	C	T
310	1	17182	78		1597913	whitelist	1__17182__1597913	A	T
318	1	17301	11		1608913	whitelist	1__17301__1608913	C	A
332	1	17547	53		1631833	whitelist	1__17547__1631833	G	A
336	1	17682	6		1644341	whitelist	1__17682__1644341	T	G
337	1	17682	59		1644394	whitelist	1__17682__1644394	T	A
349	1	18095	67		1682811	whitelist	1__18095__1682811	C	T
350	1	18095	68		1682812	whitelist	1__18095__1682812	A	G
368	1	19030	22		1769721	whitelist	1__19030__1769721	G	C
392	1	19925	41		1852975	whitelist	1__19925__1852975	G	A
408	1	20544	13		1910514	whitelist	1__20544__1910514	G	A
416	1	20930	22		1946421	whitelist	1__20930__1946421	G	A
417	1	20930	31		1946430	whitelist	1__20930__1946430	A	G
424	1	21238	80		1975123	whitelist	1__21238__1975123	C	T
442	1	21586	78		2007485	whitelist	1__21586__2007485	C	T
443	1	21608	65		2009518	whitelist	1__21608__2009518	T	C
450	1	22059	49		2051445	whitelist	1__22059__2051445	G	A
460	1	22569	52		2098878	whitelist	1__22569__2098878	T	C
461	1	22569	74		2098900	whitelist	1__22569__2098900	C	T
462	1	22569	82		2098908	whitelist	1__22569__2098908	G	A
471	1	22905	31		2130105	whitelist	1__22905__2130105	A	T
472	1	22905	38		2130112	whitelist	1__22905__2130112	G	A
473	1	22905	70		2130144	whitelist	1__22905__2130144	G	A
475	1	23022	16		2140971	whitelist	1__23022__2140971	C	T
476	1	23022	22		2140977	whitelist	1__23022__2140977	G	C
477	1	23022	68		2141023	whitelist	1__23022__2141023	C	A
483	1	23222	59		2159614	whitelist	1__23222__2159614	C	T
502	1	24482	36		2276771	whitelist	1__24482__2276771	G	A
505	1	24508	7		2279160	whitelist	1__24508__2279160	C	T
506	1	24508	13		2279166	whitelist	1__24508__2279166	C	T
520	1	24892	42		2314907	whitelist	1__24892__2314907	G	C
546	1	25722	27		2392082	whitelist	1__25722__2392082	C	A
547	1	25722	41		2392096	whitelist	1__25722__2392096	G	A
548	1	25940	41		2412370	whitelist	1__25940__2412370	G	A
552	1	26021	90		2419952	whitelist	1__26021__2419952	G	A
561	1	26170	34		2433753	whitelist	1__26170__2433753	C	A
596	1	27679	33		2574089	whitelist	1__27679__2574089	G	A
598	1	27739	63		2579699	whitelist	1__27739__2579699	G	A
600	1	27750	46		2580705	whitelist	1__27750__2580705	C	A
609	1	28375	7		2638791	whitelist	1__28375__2638791	G	A
611	1	28375	84		2638868	whitelist	1__28375__2638868	G	A
624	1	28951	25		2692377	whitelist	1__28951__2692377	A	T
625	1	28951	42		2692394	whitelist	1__28951__2692394	G	A
630	1	29054	47		2701978	whitelist	1__29054__2701978	G	A
635	1	29162	78		2712053	whitelist	1__29162__2712053	G	A
641	1	29407	91		2734851	whitelist	1__29407__2734851	C	A
651	1	29509	14		2744260	whitelist	1__29509__2744260	C	T
652	1	29509	90		2744336	whitelist	1__29509__2744336	G	A
656	1	29688	26		2760919	whitelist	1__29688__2760919	C	A
659	1	29925	9		2782943	whitelist	1__29925__2782943	C	T
669	1	30251	12		2813264	whitelist	1__30251__2813264	T	C
670	1	30251	64		2813316	whitelist	1__30251__2813316	A	G
674	1	30527	18		2838938	whitelist	1__30527__2838938	G	T
685	1	30883	54		2872082	whitelist	1__30883__2872082	C	A
739	1	33136	16		3081573	whitelist	1__33136__3081573	G	A
740	1	33136	52		3081609	whitelist	1__33136__3081609	A	T
741	1	33136	53		3081610	whitelist	1__33136__3081610	C	A
749	1	33510	80		3116419	whitelist	1__33510__3116419	T	C
782	1	34404	79		3199560	whitelist	1__34404__3199560	C	T
783	1	34404	84		3199565	whitelist	1__34404__3199565	G	C
788	1	34706	68		3227635	whitelist	1__34706__3227635	A	G
799	1	35131	60		3267152	whitelist	1__35131__3267152	A	C
805	1	35385	70		3290784	whitelist	1__35385__3290784	G	A
807	1	35617	13		3312303	whitelist	1__35617__3312303	A	G
818	1	35879	22		3336678	whitelist	1__35879__3336678	T	A
847	1	37350	27		3473486	whitelist	1__37350__3473486	G	A
861	1	38133	25		3546303	whitelist	1__38133__3546303	C	T
862	1	38133	31		3546309	whitelist	1__38133__3546309	C	T
863	1	38188	34		3551427	whitelist	1__38188__3551427	T	C
864	1	38188	79		3551472	whitelist	1__38188__3551472	G	A
876	1	38455	46		3576270	whitelist	1__38455__3576270	G	A
884	1	38815	73		3609777	whitelist	1__38815__3609777	T	C
885	1	38815	76		3609780	whitelist	1__38815__3609780	G	C
892	1	38877	33		3615503	whitelist	1__38877__3615503	G	A
907	1	39262	6		3651281	whitelist	1__39262__3651281	A	C
913	1	39395	7		3663651	whitelist	1__39395__3663651	T	A
914	1	39395	45		3663689	whitelist	1__39395__3663689	A	C
938	1	40297	53		3747583	whitelist	1__40297__3747583	C	T
964	1	41448	76		3854649	whitelist	1__41448__3854649	G	A
965	1	41448	91		3854664	whitelist	1__41448__3854664	C	A
986	1	42713	52		3972270	whitelist	1__42713__3972270	G	T
996	1	43069	23		4005349	whitelist	1__43069__4005349	A	T
997	1	43069	79		4005405	whitelist	1__43069__4005405	C	T
1005	1	43521	46		4047408	whitelist	1__43521__4047408	T	A
1006	1	43521	84		4047446	whitelist	1__43521__4047446	T	A
1019	1	44164	69		4107230	whitelist	1__44164__4107230	C	T
1026	1	44491	24		4137596	whitelist	1__44491__4137596	T	C
1027	1	44491	27		4137599	whitelist	1__44491__4137599	T	A
1028	1	44491	76		4137648	whitelist	1__44491__4137648	A	G
1033	1	44635	90		4151054	whitelist	1__44635__4151054	C	T
1044	1	45087	76		4193076	whitelist	1__45087__4193076	G	T
1073	1	45951	88		4273440	whitelist	1__45951__4273440	T	C
1074	1	46077	62		4285132	whitelist	1__46077__4285132	C	T
1075	1	46077	75		4285145	whitelist	1__46077__4285145	C	G
1084	1	46503	57		4324745	whitelist	1__46503__4324745	G	A
1094	1	46823	58		4354506	whitelist	1__46823__4354506	T	A
1095	1	46823	67		4354515	whitelist	1__46823__4354515	C	T
1098	1	47012	7		4372032	whitelist	1__47012__4372032	C	T
1099	1	47012	19		4372044	whitelist	1__47012__4372044	G	A
1102	1	47189	9		4388495	whitelist	1__47189__4388495	T	C
1110	1	47733	65		4439143	whitelist	1__47733__4439143	C	A
1115	1	47776	68		4443145	whitelist	1__47776__4443145	C	T
1123	1	48001	20		4464022	whitelist	1__48001__4464022	C	A
1124	1	48001	47		4464049	whitelist	1__48001__4464049	C	T
1145	1	49571	38		4610050	whitelist	1__49571__4610050	G	A
1170	1	50498	72		4696295	whitelist	1__50498__4696295	C	A
1185	1	51143	24		4756232	whitelist	1__51143__4756232	G	A
1217	1	53121	44		4940206	whitelist	1__53121__4940206	G	A
1230	1	53514	22		4976733	whitelist	1__53514__4976733	T	G
1243	1	54318	89		5051572	whitelist	1__54318__5051572	T	A
1257	1	55053	86		5119924	whitelist	1__55053__5119924	C	T
1296	1	56570	30		5260949	whitelist	1__56570__5260949	A	T
1308	1	57215	38		5320942	whitelist	1__57215__5320942	A	G
1311	1	57270	69		5326088	whitelist	1__57270__5326088	A	G
1314	1	57460	15		5343704	whitelist	1__57460__5343704	C	T
1331	1	58651	59		5454511	whitelist	1__58651__5454511	C	T
1332	1	58960	30		5483219	whitelist	1__58960__5483219	C	T
1335	1	59041	13		5490735	whitelist	1__59041__5490735	G	A
1338	1	59119	85		5498061	whitelist	1__59119__5498061	G	A
1341	1	59443	25		5528133	whitelist	1__59443__5528133	G	A
1343	1	59486	36		5532143	whitelist	1__59486__5532143	C	T
1344	1	59486	92		5532199	whitelist	1__59486__5532199	T	C
1363	1	60483	90		5624918	whitelist	1__60483__5624918	C	T
1393	1	62399	25		5803041	whitelist	1__62399__5803041	G	T
1394	1	62399	90		5803106	whitelist	1__62399__5803106	G	A
1404	1	62827	59		5842879	whitelist	1__62827__5842879	C	T
1408	1	63069	82		5865408	whitelist	1__63069__5865408	G	T
1417	1	63584	17		5913238	whitelist	1__63584__5913238	G	A
1422	1	63793	32		5932690	whitelist	1__63793__5932690	C	A
1427	1	64096	14		5960851	whitelist	1__64096__5960851	T	A
1444	1	64579	21		6005777	whitelist	1__64579__6005777	G	A
1445	1	64579	51		6005807	whitelist	1__64579__6005807	A	G
1459	1	66110	60		6148199	whitelist	1__66110__6148199	T	C
1467	1	66629	69		6196475	whitelist	1__66629__6196475	G	A
1468	1	66629	79		6196485	whitelist	1__66629__6196485	C	T
1492	1	67872	37		6312042	whitelist	1__67872__6312042	T	G
1495	1	68080	26		6331375	whitelist	1__68080__6331375	C	T
1496	1	68080	64		6331413	whitelist	1__68080__6331413	A	T
1526	1	69780	78		6489527	whitelist	1__69780__6489527	G	A
1546	1	70597	28		6565458	whitelist	1__70597__6565458	A	G
1554	1	71140	52		6615981	whitelist	1__71140__6615981	C	T
1556	1	71350	26		6635485	whitelist	1__71350__6635485	C	T
1557	1	71350	77		6635536	whitelist	1__71350__6635536	C	T
1559	1	71423	47		6642295	whitelist	1__71423__6642295	C	A
1562	1	71670	63		6665282	whitelist	1__71670__6665282	G	C
1563	1	71670	84		6665303	whitelist	1__71670__6665303	G	T
1568	1	72097	12		6704942	whitelist	1__72097__6704942	G	A
1585	1	72884	84		6778205	whitelist	1__72884__6778205	A	C
1587	1	73085	67		6796881	whitelist	1__73085__6796881	C	T
1588	1	73157	11		6803521	whitelist	1__73157__6803521	A	G
1589	1	73157	83		6803593	whitelist	1__73157__6803593	G	A
1599	1	73840	36		6867065	whitelist	1__73840__6867065	C	G
1608	1	74246	51		6904838	whitelist	1__74246__6904838	G	T
1609	1	74246	69		6904856	whitelist	1__74246__6904856	A	G
1642	1	75400	19		7012128	whitelist	1__75400__7012128	C	T
1661	1	75654	71		7035802	whitelist	1__75654__7035802	T	C
1664	1	75981	61		7066203	whitelist	1__75981__7066203	G	A
1665	1	75981	75		7066217	whitelist	1__75981__7066217	A	G
1678	1	76509	10		7115256	whitelist	1__76509__7115256	C	T
1681	1	76569	69		7120895	whitelist	1__76569__7120895	G	A
1682	1	76569	83		7120909	whitelist	1__76569__7120909	A	T
1685	1	76724	7		7135248	whitelist	1__76724__7135248	C	A
1686	1	76724	30		7135271	whitelist	1__76724__7135271	C	A
1700	1	77062	21		7166696	whitelist	1__77062__7166696	C	G
1711	1	77393	64		7197522	whitelist	1__77393__7197522	G	T
1739	1	78317	29		7283419	whitelist	1__78317__7283419	A	G
1740	1	78317	74		7283464	whitelist	1__78317__7283464	C	G
1745	1	78726	48		7321475	whitelist	1__78726__7321475	A	T
1746	1	78733	33		7322111	whitelist	1__78733__7322111	G	C
1747	1	78733	38		7322116	whitelist	1__78733__7322116	C	T
1769	1	79797	31		7421061	whitelist	1__79797__7421061	C	A
1770	1	79797	88		7421118	whitelist	1__79797__7421118	G	A
1778	1	80092	13		7448478	whitelist	1__80092__7448478	A	C
1794	1	81062	21		7538696	whitelist	1__81062__7538696	G	T
1795	1	81062	50		7538725	whitelist	1__81062__7538725	A	T
1823	1	82238	42		7648085	whitelist	1__82238__7648085	C	T
1824	1	82238	51		7648094	whitelist	1__82238__7648094	C	A
1854	1	83142	23		7732138	whitelist	1__83142__7732138	G	A
1868	1	83776	52		7791129	whitelist	1__83776__7791129	A	C
1869	1	83796	61		7792998	whitelist	1__83796__7792998	T	G
1891	1	84712	19		7878144	whitelist	1__84712__7878144	G	T
1899	1	84931	12		7898504	whitelist	1__84931__7898504	G	A
1900	1	84931	47		7898539	whitelist	1__84931__7898539	T	C
1909	1	85173	24		7921022	whitelist	1__85173__7921022	G	C
1912	1	85278	50		7930813	whitelist	1__85278__7930813	G	A
1917	1	85433	63		7945241	whitelist	1__85433__7945241	C	T
1918	1	85433	72		7945250	whitelist	1__85433__7945250	A	C
1922	1	85495	60		7951004	whitelist	1__85495__7951004	T	G
1923	1	85495	69		7951013	whitelist	1__85495__7951013	G	A
1924	1	85591	25		7959897	whitelist	1__85591__7959897	G	A
1926	1	85669	84		7967210	whitelist	1__85669__7967210	T	A
1927	1	85755	82		7975206	whitelist	1__85755__7975206	G	A
1964	1	88043	17		8187925	whitelist	1__88043__8187925	G	A
1979	1	88628	42		8242355	whitelist	1__88628__8242355	T	C
1980	1	88628	67		8242380	whitelist	1__88628__8242380	T	A
1988	1	88906	21		8268188	whitelist	1__88906__8268188	C	T
1989	1	88906	28		8268195	whitelist	1__88906__8268195	C	T
2018	1	89636	57		8336114	whitelist	1__89636__8336114	A	G
2030	1	90160	49		8384838	whitelist	1__90160__8384838	G	A
2066	1	91953	67		8551605	whitelist	1__91953__8551605	G	A
2078	1	92838	75		8633918	whitelist	1__92838__8633918	G	T
2079	1	92838	76		8633919	whitelist	1__92838__8633919	G	A
2092	1	93258	87		8672990	whitelist	1__93258__8672990	C	T
2093	1	93304	84		8677265	whitelist	1__93304__8677265	A	C
2126	1	94345	57		8774051	whitelist	1__94345__8774051	C	T
2129	1	94368	38		8776171	whitelist	1__94368__8776171	G	A
2131	1	94557	71		8793781	whitelist	1__94557__8793781	T	C
2133	1	94675	62		8804746	whitelist	1__94675__8804746	G	A
2140	1	95054	57		8839988	whitelist	1__95054__8839988	C	T
2143	1	95246	38		8857825	whitelist	1__95246__8857825	C	T
2153	1	95627	55		8893275	whitelist	1__95627__8893275	G	C
2154	1	95627	90		8893310	whitelist	1__95627__8893310	C	A
2161	1	95966	44		8924791	whitelist	1__95966__8924791	C	G
2163	1	96012	69		8929094	whitelist	1__96012__8929094	G	A
2173	1	96568	70		8980803	whitelist	1__96568__8980803	A	G
2174	1	96587	55		8982555	whitelist	1__96587__8982555	T	A
2183	1	96946	53		9015940	whitelist	1__96946__9015940	C	T
2185	1	97028	35		9023548	whitelist	1__97028__9023548	T	G
2186	1	97028	40		9023553	whitelist	1__97028__9023553	T	C
2194	1	97257	11		9044821	whitelist	1__97257__9044821	G	A
2196	1	97316	72		9050369	whitelist	1__97316__9050369	T	G
2209	1	97765	15		9092069	whitelist	1__97765__9092069	A	T
2211	1	97813	56		9096574	whitelist	1__97813__9096574	A	G
2223	1	98418	12		9152795	whitelist	1__98418__9152795	A	G
2243	1	99138	31		9219774	whitelist	1__99138__9219774	G	A
2244	1	99138	71		9219814	whitelist	1__99138__9219814	T	A
2252	1	99860	17		9286906	whitelist	1__99860__9286906	C	T
2253	1	99860	18		9286907	whitelist	1__99860__9286907	G	A
2265	1	100249	62		9323128	whitelist	1__100249__9323128	A	C
2282	1	101297	36		9420566	whitelist	1__101297__9420566	C	A
2293	1	101883	22		9475050	whitelist	1__101883__9475050	C	T
2301	1	102342	82		9517797	whitelist	1__102342__9517797	A	G
2313	1	103022	23		9580978	whitelist	1__103022__9580978	A	G
2346	1	104267	90		9696830	whitelist	1__104267__9696830	G	T
2360	1	104723	58		9739206	whitelist	1__104723__9739206	T	A
2377	1	105483	64		9809892	whitelist	1__105483__9809892	C	T
2378	1	105483	65		9809893	whitelist	1__105483__9809893	A	C
2401	1	106179	87		9874643	whitelist	1__106179__9874643	T	A
2408	1	106585	63		9912377	whitelist	1__106585__9912377	G	T
2430	1	131814	54		12258665	whitelist	1__131814__12258665	C	T
